Package,Built
abind,3.5.0
acepack,3.5.0
arm,3.5.0
assertthat,3.5.0
audio,3.5.0
backports,3.5.0
base64enc,3.5.0
beepr,3.5.0
BH,3.5.2
bibtex,3.5.0
bindr,3.5.0
bindrcpp,3.5.0
binom,3.5.0
bit,3.5.0
bitops,3.5.0
BradleyTerry2,3.5.0
brglm,3.5.0
broom,3.5.0
callr,3.5.0
car,3.5.0
carData,3.5.0
caret,3.5.0
caTools,3.5.0
cellranger,3.5.0
checkmate,3.5.0
classInt,3.5.0
cli,3.5.0
clipr,3.5.0
clisymbols,3.5.0
cmprsk,3.5.0
coda,3.5.0
coin,3.5.0
colorspace,3.5.0
colourpicker,3.5.0
combinat,3.5.0
corpcor,3.5.0
cowplot,3.5.2
crayon,3.5.0
crosstalk,3.5.0
Cubist,3.5.0
curl,3.5.0
cvAUC,3.5.1
data.table,3.5.0
DataExplorer,3.5.0
DBI,3.5.0
dbplyr,3.5.0
DEoptimR,3.5.0
desc,3.5.0
devtools,3.5.1
digest,3.5.0
doParallel,3.5.0
doRedis,3.5.0
doRNG,3.5.0
dplyr,3.5.0
dummies,3.5.0
e1071,3.5.0
earth,3.5.2
ellipse,3.5.0
evaluate,3.5.0
exactRankTests,3.5.0
expss,3.5.0
fansi,3.5.0
fastICA,3.5.0
fastmatch,3.5.0
feather,3.5.2
ff,3.5.0
ffbase,3.5.0
forcats,3.5.0
foreach,3.5.0
forecast,3.5.0
formatR,3.5.0
Formula,3.5.0
fracdiff,3.5.0
fs,3.5.0
future,3.5.0
gam,3.5.0
gbm,3.5.0
gdata,3.5.0
geepack,3.5.0
generics,3.5.0
GGally,3.5.0
ggExtra,3.5.0
ggplot2,3.5.1
ggpubr,3.5.0
ggrepel,3.5.0
ggsci,3.5.0
ggsignif,3.5.0
gh,3.5.0
git2r,3.5.2
glmnet,3.5.0
globals,3.5.0
glue,3.5.0
gmodels,3.5.0
gower,3.5.0
gplots,3.5.0
gridExtra,3.5.0
gtable,3.5.0
gtools,3.5.0
haven,3.5.0
here,3.5.0
hexbin,3.5.0
highr,3.5.0
Hmisc,3.5.0
hms,3.5.0
htmlTable,3.5.2
htmltools,3.5.0
htmlwidgets,3.5.0
httpuv,3.5.0
httr,3.5.0
igraph,3.5.0
ini,3.5.0
ipred,3.5.0
ISwR,3.5.0
iterators,3.5.0
itertools,3.5.0
jsonlite,3.5.0
KernelKnn,3.5.0
kernlab,3.5.0
klaR,3.5.0
km.ci,3.5.0
KMsurv,3.5.0
knitr,3.5.2
labeling,3.5.0
labelled,3.5.0
laeken,3.5.0
later,3.5.0
latticeExtra,3.5.0
lava,3.5.0
lazyeval,3.5.0
listenv,3.5.0
lme4,3.5.0
lmerTest,3.5.0
lmtest,3.5.0
lubridate,3.5.0
magrittr,3.5.0
manipulateWidget,3.5.0
maptools,3.5.0
markdown,3.5.0
Matching,3.5.0
MatchIt,3.5.0
MatrixModels,3.5.0
matrixStats,3.5.0
maxstat,3.5.0
mda,3.5.0
memoise,3.5.0
microbenchmark,3.5.0
mime,3.5.0
miniUI,3.5.0
minqa,3.5.0
missForest,3.5.0
mlbench,3.5.0
MLmetrics,3.5.0
ModelMetrics,3.5.0
modelr,3.5.0
modeltools,3.5.0
multcomp,3.5.0
munsell,3.5.0
mvtnorm,3.5.0
networkD3,3.5.0
nloptr,3.5.0
NLP,3.5.0
nnls,3.5.0
numDeriv,3.5.0
openssl,3.5.0
openxlsx,3.5.0
pamr,3.5.0
party,3.5.0
pbkrtest,3.5.0
pbmcapply,3.5.0
pillar,3.5.0
pkgbuild,3.5.0
pkgconfig,3.5.0
pkgload,3.5.0
pkgmaker,3.5.0
plogr,3.5.0
plotly,3.5.1
plotmo,3.5.2
plotrix,3.5.0
pls,3.5.0
plyr,3.5.0
polspline,3.5.0
polynom,3.5.0
praise,3.5.0
prettyunits,3.5.0
pROC,3.5.0
processx,3.5.0
prodlim,3.5.0
profileModel,3.5.0
profvis,3.5.0
progress,3.5.0
promises,3.5.0
proxy,3.5.0
ps,3.5.0
PSW,3.5.0
Publish,3.5.0
purrr,3.5.0
quadprog,3.5.0
quantmod,3.5.0
quantreg,3.5.0
questionr,3.5.0
qvcalc,3.5.0
R6,3.5.0
randomForest,3.5.0
ranger,3.5.0
RANN,3.5.2
rbenchmark,3.5.0
rcmdcheck,3.5.0
RColorBrewer,3.5.0
Rcpp,3.5.0
RcppArmadillo,3.5.0
RcppEigen,3.5.0
RcppRoll,3.5.0
readr,3.5.0
readxl,3.5.0
recipes,3.5.0
registry,3.5.0
rematch,3.5.0
remotes,3.5.0
reportROC,3.5.0
reprex,3.5.0
reshape,3.5.0
reshape2,3.5.0
rgl,3.5.0
RhpcBLASctl,3.5.0
rio,3.5.0
rJava,3.5.0
rlang,3.5.2
rmarkdown,3.5.0
rmutil,3.5.0
rngtools,3.5.0
robustbase,3.5.0
ROCR,3.5.0
rpart.plot,3.5.0
rprojroot,3.5.0
rredis,3.5.0
rstudioapi,3.5.0
rvest,3.5.0
sandwich,3.5.0
scales,3.5.0
selectr,3.5.0
sessioninfo,3.5.0
shiny,3.5.0
shinyjs,3.5.0
slam,3.5.0
sourcetools,3.5.0
sp,3.5.0
SparseM,3.5.0
splines2,3.5.0
spls,3.5.0
SQUAREM,3.5.0
stR,3.5.0
stringi,3.5.0
stringr,3.5.0
strucchange,3.5.0
subselect,3.5.0
SuperLearner,3.5.1
superpc,3.5.0
survey,3.5.0
survminer,3.5.0
survMisc,3.5.0
tableone,3.5.0
tabplot,3.5.0
TeachingDemos,3.5.0
testthat,3.5.0
TH.data,3.5.0
tibble,3.5.2
tidyr,3.5.0
tidyselect,3.5.0
tidyverse,3.5.2
timeDate,3.5.0
tinytex,3.5.0
tm,3.5.0
tmle,3.5.0
tseries,3.5.0
TTR,3.5.0
tufte,3.5.0
twang,3.5.0
urca,3.5.0
uroot,3.5.0
usethis,3.5.0
utf8,3.5.0
vcd,3.5.0
VGAM,3.5.0
VGAMdata,3.5.0
VIM,3.5.0
viridis,3.5.0
viridisLite,3.5.0
webshot,3.5.0
whisker,3.5.0
withr,3.5.0
xfun,3.5.0
xgboost,3.5.0
xlsx,3.5.0
xlsxjars,3.5.0
xml2,3.5.0
xopen,3.5.0
xtable,3.5.0
xts,3.5.0
yaml,3.5.0
zip,3.5.0
zoo,3.5.0
